libname	sample
FDK10	FDK10
FDK10-WGS	FDK10
FDK10-NextRAD	FDK10
J293	J293
J294	J294
J294-WGS	J294
J294-NextRAD	J294
J295-rep	J295
J295	J295
J295rep	J295
J296	J296
J296-WGS	J296
J296-NextRAD	J296
J298	J298
J298-WGS	J298
J298-NextRAD	J298
J300	J300
J301	J301
J301-WGS	J301
J301-NextRAD	J301
J302	J302
J303	J303
J303-WGS	J303
J303-NextRAD	J303
J304	J304
J307	J307
J307-WGS	J307
J307-NextRAD	J307
J310	J310
J310-WGS	J310
J310-NextRAD	J310
J311	J311
J311-WGS	J311
J311-NextRAD	J311
J312	J312
J315	J315
J315-WGS	J315
J315-NextRAD	J315
J316	J316
J316-WGS	J316
J316-NextRAD	J316
J317	J317
J317-WGS	J317
J317-NextRAD	J317
J318	J318
J318-WGS	J318
J318-NextRAD	J318
J319	J319
J319-WGS	J319
J319-NextRAD	J319
J320	J320
J320-WGS	J320
J320-NextRAD	J320
J321g	J321g
J321g-WGS	J321g
J321g-NextRAD	J321g
J322	J322
J322-WGS	J322
J322-NextRAD	J322
J324	J324
J324-WGS	J324
J324-NextRAD	J324
J326	J326
J326-WGS	J326
J326-NextRAD	J326
J327	J327
J327-WGS	J327
J327-NextRAD	J327
J328	J328
J328-WGS	J328
J328-NextRAD	J328
J329	J329
J329-WGS	J329
J329-NextRAD	J329
J330	J330
J330-WGS	J330
J330-NextRAD	J330
J331	J331
J331-WGS	J331
J331-NextRAD	J331
J333	J333
J333-plus-WGS	J333
J333-WGS	J333
J333-plus-NextRAD	J333
J333-NextRAD	J333
J333_plus	J333
J333a	J333a
J334	J334
J334-WGS	J334
J334-NextRAD	J334
J335	J335
J335-WGS	J335
J335-NextRAD	J335
J338	J338
J338-WGS	J338
J338-NextRAD	J338
J339	J339
J339-WGS	J339
J339-NextRAD	J339
J340	J340
J340-WGS	J340
J340-NextRAD	J340
J341	J341
J341-WGS	J341
J341-NextRAD	J341
J341a	J341a
J341b	J341b
J341c	J341c
J341d	J341d
J342	J342
J342-WGS	J342
J342-NextRAD	J342
J342a	J342a
J342a-rep	J342a
J342arep	J342a
J342b	J342b
J342c	J342c
J342d	J342d
J343	J343
J343-WGS	J343
J343-NextRAD	J343
J344	J344
J344-WGS	J344
J344-NextRAD	J344
J345	J345
J345-plus-WGS	J345
J345-WGS	J345
J345-plus-NextRAD	J345
J345-NextRAD	J345
J345_plus	J345
J345a	J345a
J345d	J345d
J346	J346
J346-WGS	J346
J346-NextRAD	J346
J347	J347
J347-WGS	J347
J347-NextRAD	J347
J348	J348
J348-WGS	J348
J348-NextRAD	J348
J349	J349
J349-WGS	J349
J349-NextRAD	J349
J349a	J349a
J349b	J349b
J349d	J349d
J349e	J349e
J349f	J349f
J349g	J349g
J349h	J349h
J349i	J349i
J350	J350
J350-WGS	J350
J350-NextRAD	J350
J350a	J350a
J350b	J350b
J350c	J350c
J350d	J350d
J350e	J350e
J350f	J350f
J350g	J350g
J350h	J350h
J350i	J350i
J351_plus	J351
J351	J351
J351-WGS	J351
J351-plus-WGS	J351
J351-plus-NextRAD	J351
J351-NextRAD	J351
J352	J352
J352-WGS	J352
J352-NextRAD	J352
J352a	J352a
J352b	J352b
J352c	J352c
J352d	J352d
J352e	J352e
J352f	J352f
J352g	J352g
J352h	J352h
J352i	J352i
J353	J353
J353-WGS	J353
J353-NextRAD	J353
J354	J354
J354-WGS	J354
J354-NextRAD	J354
J355	J355
J355-WGS	J355
J355-NextRAD	J355
J355a	J355a
J355b	J355b
J355b-WGS	J355b
J355b-NextRAD	J355b
J355c	J355c
J355d	J355d
J355e	J355e
J355f	J355f
J355g	J355g
J357	J357
J357-WGS	J357
J357-NextRAD	J357
J358	J358
J358-WGS	J358
J358-NextRAD	J358
J359	J359
J359-WGS	J359
J359-NextRAD	J359
J359a	J359a
J359b	J359b
J359c	J359c
J359d	J359d
J359e	J359e
J359g	J359g
J359h	J359h
J359i	J359i
J360	J360
J360-WGS	J360
J360-NextRAD	J360
J361	J361
J361-WGS	J361
J361-NextRAD	J361
J361a	J361a
J361b	J361b
J361c	J361c
J361d	J361d
J361e	J361e
J361f	J361f
J361g	J361g
J361h	J361h
J361i	J361i
J362_young	J362
J362	J362
J362-young-WGS	J362
J362-young-NextRAD	J362
J362a	J362a
J362b	J362b
J363_plus	J363
J363	J363
J363-WGS	J363
J363-plus-WGS	J363
J363-plus-NextRAD	J363
J363-NextRAD	J363
J364	J364
J364-WGS	J364
J364-NextRAD	J364
J365	J365
J365-WGS	J365
J365-NextRAD	J365
J366	J366
J366_plus	J366
J366-plus-WGS	J366
J366-WGS	J366
J366-NextRAD	J366
J366-plus-NextRAD	J366
J367	J367
J367-WGS	J367
J367-NextRAD	J367
J367a	J367a
J367b	J367b
J367c	J367c
J367d	J367d
J367e	J367e
J367f	J367f
J367g	J367g
J367h	J367h
J367i	J367i
J367i-WGS	J367i
J367i-NextRAD	J367i
J368	J368
J368-WGS	J368
J368-NextRAD	J368
J369	J369
J369-WGS	J369
J369-NextRAD	J369
J370	J370
J370-WGS	J370
J370-NextRAD	J370
J371	J371
J371-WGS	J371
J371-NextRAD	J371
J372	J372
J372-WGS	J372
J372-NextRAD	J372
J373	J373
J373-WGS	J373
J373-NextRAD	J373
J374	J374
J374-WGS	J374
J374-NextRAD	J374
J374a	J374a
J374b	J374b
J374c	J374c
J374d	J374d
J374e	J374e
J374f	J374f
J374g	J374g
J374h	J374h
J374i	J374i
J375	J375
J375-rep1	J375
J375-WGS	J375
J375-NextRAD	J375
J375rep1	J375
J376	J376
J376-WGS	J376
J376-NextRAD	J376
J376a	J376a
J376a-rep	J376a
J376arep	J376a
J376b	J376b
J376c	J376c
J376d	J376d
J376e	J376e
J376f	J376f
J376g	J376g
J376h	J376h
J376i	J376i
J377	J377
J377a	J377a
J377b	J377b
J377c	J377c
J377d	J377d
J377e	J377e
J377erep	J377e
J377e-rep	J377e
J377g	J377g
J377h	J377h
J377i	J377i
J379	J379
J379-WGS	J379
J379-NextRAD	J379
J381	J381
J381-WGS	J381
J381-NextRAD	J381
J382a	J382a
J382b	J382b
J382c	J382c
J382d	J382d
J382e	J382e
J382f	J382f
J382g	J382g
J382h	J382h
J382i	J382i
J383	J383
J383-WGS	J383
J383-NextRAD	J383
J385	J385
J385-WGS	J385
J385-NextRAD	J385
J385rep	J385
J385-rep	J385
J385a	J385a
J385b	J385b
J385c	J385c
J385d	J385d
J385e	J385e
J385f	J385f
J385g	J385g
J385h	J385h
J385i	J385i
J386	J386
J386a	J386a
J386b	J386b
J386c	J386c
J386d	J386d
J386e	J386e
J386f	J386f
J386g	J386g
J386h	J386h
J386i	J386i
J387	J387
J387-WGS	J387
J387-NextRAD	J387
J387a	J387a
J387b	J387b
J387c	J387c
J387d	J387d
J387e	J387e
J387f	J387f
J387g	J387g
J387h	J387h
J387i	J387i
J388	J388
J388a	J388a
J388b	J388b
J388c	J388c
J388d	J388d
J388e	J388e
J388f	J388f
J388g	J388g
J388h	J388h
J388i	J388i
J389	J389
J389-WGS	J389
J389-NextRAD	J389
J390	J390
J390a-rep	J390a
J390a	J390a
J390arep	J390a
J390b	J390b
J392	J392
J393	J393
J393-WGS	J393
J393-NextRAD	J393
J393a	J393a
J393b	J393b
J393c	J393c
J393d	J393d
J393e	J393e
J393f	J393f
J393g	J393g
J393h	J393h
J393i	J393i
J394	J394
J394a	J394a
J394b	J394b
J394c	J394c
J394d	J394d
J394e	J394e
J394f	J394f
J394g	J394g
J395	J395
J395-WGS	J395
J395-NextRAD	J395
J397	J397
J398	J398
J398-WGS	J398
J398-NextRAD	J398
J399	J399
J400	J400
J401	J401
J401a	J401a
J401b	J401b
J401c	J401c
J401d	J401d
J401e	J401e
J401f	J401f
J401g	J401g
J401h	J401h
J402	J402
J403	J403
J404	J404
J405	J405
J405a	J405a
J405b	J405b
J405c	J405c
J405d	J405d
J405e	J405e
J405f	J405f
J405g	J405g
J405h	J405h
J405i	J405i
J406	J406
J406a	J406a
J406b	J406b
J406c	J406c
J406d	J406d
J406e	J406e
J406f	J406f
J406g	J406g
J406h	J406h
J406i	J406i
J407	J407
J408	J408
J411	J411
J412	J412
J413	J413
J413a	J413a
J413c	J413c
J413f	J413f
J414	J414
J414a	J414a
J414b	J414b
J414c	J414c
J416	J416
J416a	J416a
J416b	J416b
J416c	J416c
J416d	J416d
J416e	J416e
J416f	J416f
J416g	J416g
J416h	J416h
J416i	J416i
J417	J417
J418	J418
J418a	J418a
J418b	J418b
J418c	J418c
J418e	J418e
J418g	J418g
J418h	J418h
J418i	J418i
J419	J419
J419a	J419a
J419b	J419b
J419c	J419c
J419d	J419d
J419e	J419e
J419f	J419f
J419g	J419g
J419h	J419h
J419i	J419i
J420	J420
J421	J421
J421b	J421b
J422	J422
J422a	J422a
J422c	J422c
J422e-rep	J422e
J422e	J422e
J422erep	J422e
J422f	J422f
J422g	J422g
J423	J423
J424	J424
J424a	J424a
J424b	J424b
J424c	J424c
J424d	J424d
J424e	J424e
J424f	J424f
J424g	J424g
J425	J425
J425a	J425a
J425b	J425b
J425c	J425c
J425d	J425d
J425e	J425e
J425f	J425f
J425g	J425g
J425h	J425h
J425i	J425i
J426	J426
J426a	J426a
J426b	J426b
J426c	J426c
J426d	J426d
J426f	J426f
J426g	J426g
J426h	J426h
J426i	J426i
J427	J427
J427a	J427a
J428	J428
J428a	J428a
J428b	J428b
J428c	J428c
J428d	J428d
J428e	J428e
J428f	J428f
J428g	J428g
J428h	J428h
J428i	J428i
J429	J429
J429a	J429a
J429b	J429b
J429c	J429c
J429d	J429d
J429e	J429e
J429f	J429f
J429g	J429g
J429h	J429h
J429i	J429i
J430	J430
J430a	J430a
J430arep	J430a
J430a-rep	J430a
J430b	J430b
J430c	J430c
J430d	J430d
J430e	J430e
J430f	J430f
J430g	J430g
J430h	J430h
J430i	J430i
J431	J431
J432	J432
J433	J433
J433a	J433a
J433b	J433b
J433c	J433c
J433d	J433d
J433e	J433e
J433f	J433f
J433g	J433g
J433h	J433h
J434	J434
J434a	J434a
J434b	J434b
J435	J435
J435a	J435a
J435b	J435b
J435c	J435c
J435d	J435d
J435e	J435e
J435f	J435f
J435g	J435g
J435h	J435h
J435i	J435i
J436	J436
J436a	J436a
J436b	J436b
J436c	J436c
J436crep	J436c
J436c-rep	J436c
J436d	J436d
J436e	J436e
J436f	J436f
J436g	J436g
J436h	J436h
J436i	J436i
J437	J437
J438	J438
M1c	M1c
NAL05	NAL05
NAL05-WGS	NAL05
NAL05-NextRAD	NAL05
NBJ30	NBJ30
NBJ30-WGS	NBJ30
NBJ30-NextRAD	NBJ30
NCD30	NCD30
NCD30-WGS	NCD30
NCD30-NextRAD	NCD30
NCR13	NCR13
NCR13-WGS	NCR13
NCR13-NextRAD	NCR13
NDU10	NDU10
NDU10-WGS	NDU10
NDU10-NextRAD	NDU10
NE10467	NE10467
NE25923	NE25923
NE25953	NE25953
NE35955	NE35955
NE35959	NE35959
NE36811	NE36811
NE37169	NE37169
NE37647	NE37647
NE4583	NE4583
NE67754	NE67754
NE90535	NE90535
RA1006	RA1006
RA1006-WGS	RA1006
RA1006-NextRAD	RA1006
RA1007	RA1007
TLC715	TLC715
TLC715-WGS	TLC715
TLC715-NextRAD	TLC715
TLC720	TLC720
TLC720-WGS	TLC720
TLC720-NextRAD	TLC720
TLC725	TLC725
TLC725-WGS	TLC725
TLC725-NextRAD	TLC725
TLC726	TLC726
TLC726-WGS	TLC726
TLC726-NextRAD	TLC726
TLC775	TLC775
TLC775-WGS	TLC775
TLC775-NextRAD	TLC775
VMA18	VMA18
VMA18-WGS	VMA18
VMA18-NextRAD	VMA18
VWG14	VWG14
VWG14-WGS	VWG14
VMG14	VWG14
VWG14-NextRAD	VWG14
GH1	GH1
GH2	GH2
J349j	J349j
J395A	J395a
J395B	J395b
J395C	J395c
J395D	J395d
J395E	J395e
J395H	J395h
M2a	M2a
M2b	M2b
